latitude,longitude,depth,mb,Ms,magnitude,time,second,minute,hour,day,month,year
-9.854,117.427,66,5.5,NA,5.5,2.037040509,20.3,53,0,2,1,1973
-9.784,119.303,33,5.8,NA,5.8,100.8305069,55.8,55,19,10,4,1973
-10.246,117.107,33,5.5,NA,5.5,197.2380509,47.6,42,5,16,7,1973
-10.149,117.22,33,5.1,NA,5.1,197.3620903,24.6,41,8,16,7,1973
-9.003,118.709,33,5.2,NA,5.2,209.2404572,15.5,46,5,28,7,1973
-9.436,119.452,58,6,NA,6,353.1965451,1.5,43,4,19,12,1973
-9.641,119.351,52,5.4,NA,5.4,426.0800671,17.8,55,1,2,3,1974
-9.577,118.118,68,5.5,NA,5.5,479.3807546,17.2,8,9,24,4,1974
-8.17,117.849,33,5.6,NA,5.6,481.5138958,0.6,20,12,26,4,1974
-10.741,114.041,33,5.3,NA,5.3,502.887588,7.6,18,21,17,5,1974
-10.879,114.022,26,5.4,NA,5.4,504.385015,25.3,14,9,19,5,1974
-10.714,114.098,53,5,NA,5,515.6843021,23.7,25,16,30,5,1974
-10.144,118.899,33,5.2,NA,5.2,585.1150868,43.5,45,2,8,8,1974
-9.908,119.352,33,6.1,5.7,6.1,757.6319653,1.8,10,15,27,1,1975
-9.601,118.922,62,5.8,NA,5.8,870.8980336,10.1,33,21,20,5,1975
-9.676,117.185,52,5.5,NA,5.5,942.6372546,38.8,17,15,31,7,1975
-10.045,117.408,32,5.3,NA,5.3,1160.725661,57.1,24,17,6,3,1976
-8.17,114.888,40,6.6,6.5,6.6,1290.300972,24,13,7,14,7,1976
-8.127,114.862,33,5.9,NA,5.9,1290.433169,45.8,23,10,14,7,1976
-10.17,118.987,19,6.5,6.3,6.5,1463.413523,28.4,55,9,2,1,1977
-8.219,115.193,33,5.2,NA,5.2,1487.54965,29.8,11,13,26,1,1977
-9.546,119.085,27,5.3,NA,5.3,1518.625366,31.6,0,15,26,2,1977
-7.613,119.013,35,5.6,NA,5.6,1573.226806,36,26,5,22,4,1977
-10.566,118.386,33,6.1,NA,6.1,1692.280215,30.6,43,6,19,8,1977
-10.192,117.412,33,5.5,NA,5.5,1692.318118,5.4,38,7,19,8,1977
-10.748,119.688,33,5.1,NA,5.1,1692.373027,9.5,57,8,19,8,1977
-10.671,119.044,33,5.2,NA,5.2,1692.435963,47.2,27,10,19,8,1977
-10.844,119.232,33,5.4,NA,5.4,1692.451791,34.7,50,10,19,8,1977
-10.954,119.099,33,5.1,NA,5.1,1692.464501,52.9,8,11,19,8,1977
-10.803,119.174,33,5.8,NA,5.8,1692.558067,37,23,13,19,8,1977
-10.658,119.328,33,5.2,NA,5.2,1692.564027,11.9,32,13,19,8,1977
-10.749,119.294,33,5.4,NA,5.4,1692.599054,38.3,22,14,19,8,1977
-10.866,119.174,33,5,NA,5,1692.620843,0.8,54,14,19,8,1977
-10.945,119.091,33,5.3,NA,5.3,1692.660694,24,51,15,19,8,1977
-10.942,119.093,33,5.1,NA,5.1,1692.669962,44.7,4,16,19,8,1977
-10.908,119.104,33,5,NA,5,1692.682303,31,22,16,19,8,1977
-10.803,119.142,33,5.8,NA,5.8,1692.818747,59.7,38,19,19,8,1977
-10.926,119.148,33,5.8,NA,5.8,1692.847438,18.6,20,20,19,8,1977
-10.885,119.229,33,5.8,NA,5.8,1692.899344,3.3,35,21,19,8,1977
-10.913,119.053,33,5.8,NA,5.8,1693.165753,41.1,58,3,20,8,1977
-10.686,119.135,33,5.2,NA,5.2,1693.822227,0.4,44,19,20,8,1977
-10.947,119.067,33,5.4,NA,5.4,1694.098286,31.9,21,2,21,8,1977
-10.969,119.162,33,5.2,NA,5.2,1694.444398,56,39,10,21,8,1977
-10.858,119.221,33,5.6,NA,5.6,1694.853953,41.5,29,20,21,8,1977
-10.734,119.142,33,5.5,NA,5.5,1694.859564,46.3,37,20,21,8,1977
-10.984,119.455,33,5.4,NA,5.4,1696.654856,59.6,42,15,23,8,1977
-10.196,117.96,33,5.4,NA,5.4,1697.089115,19.5,8,2,24,8,1977
-10.112,118.107,33,5,NA,5,1697.791838,14.8,0,19,24,8,1977
-10.743,119.268,33,6.1,NA,6.1,1698.753597,10.8,5,18,25,8,1977
-10.443,119.072,33,6.1,NA,6.1,1698.756367,10.1,9,18,25,8,1977
-10.89,119.215,33,5.4,NA,5.4,1698.797416,16.7,8,19,25,8,1977
-10.808,119.284,33,6,5.5,6,1698.902919,12.2,40,21,25,8,1977
-10.057,118.355,33,5.5,NA,5.5,1698.966655,59,11,23,25,8,1977
-10.667,119.301,33,6.1,5.7,6.1,1699.351823,37.5,26,8,26,8,1977
-9.913,117.717,33,5,NA,5,1703.540926,56,58,12,30,8,1977
-10.976,119.123,33,5.5,NA,5.5,1703.882564,53.5,10,21,30,8,1977
-9.571,118.218,33,5.2,NA,5.2,1710.916218,21.2,59,21,6,9,1977
-10.07,115.516,33,5.1,NA,5.1,1711.11419,26,44,2,7,9,1977
-9.771,119.095,33,5.2,NA,5.2,1719.115382,9,46,2,15,9,1977
-10.402,117.448,33,5.7,5.1,5.7,1719.467649,24.9,13,11,15,9,1977
-10.162,118.234,33,5.2,NA,5.2,1720.194512,5.8,40,4,16,9,1977
-10.468,117.643,33,5.2,NA,5.2,1720.515866,50.8,22,12,16,9,1977
-10.078,117.497,33,5.6,NA,5.6,1735.536471,31.1,52,12,1,10,1977
-10.113,117.605,24,5.2,NA,5.2,1735.567652,25.1,37,13,1,10,1977
-10.186,117.497,19,5.4,NA,5.4,1735.83519,40.4,2,20,1,10,1977
-9.965,117.327,33,5.7,NA,5.7,1741.198417,43.2,45,4,7,10,1977
-10.081,117.656,33,5.6,NA,5.6,1741.235839,36.5,39,5,7,10,1977
-9.828,117.417,33,5,NA,5,1741.266696,2.5,24,6,7,10,1977
-9.91,117.299,33,5.4,NA,5.4,1741.354822,56.6,30,8,7,10,1977
-10.09,117.379,33,5.1,NA,5.1,1741.451839,38.9,50,10,7,10,1977
-9.952,117.319,33,6.5,6.3,6.5,1741.50745,43.7,10,12,7,10,1977
-9.875,117.292,33,5.2,NA,5.2,1741.516037,5.6,23,12,7,10,1977
-9.972,117.566,33,5,NA,5,1741.670299,13.8,5,16,7,10,1977
-9.844,117.311,33,5.2,NA,5.2,1741.701957,49.1,50,16,7,10,1977
-9.932,117.318,33,6,5.6,6,1741.709181,13.2,1,17,7,10,1977
-9.845,117.262,33,6.2,5.8,6.2,1741.733868,46.2,36,17,7,10,1977
-9.858,117.128,33,5.3,NA,5.3,1741.748858,21.3,58,17,7,10,1977
-10.008,117.158,33,5.7,NA,5.7,1741.794639,16.8,4,19,7,10,1977
-9.828,117.254,33,5.4,NA,5.4,1741.798657,4,10,19,7,10,1977
-10.014,117.514,33,5.1,NA,5.1,1741.893225,14.6,26,21,7,10,1977
-9.916,117.29,33,5.8,NA,5.8,1741.900131,11.3,36,21,7,10,1977
-9.893,117.38,33,6.1,5.7,6.1,1741.949351,3.9,47,22,7,10,1977
-9.998,117.146,33,5.5,NA,5.5,1741.974847,46.8,23,23,7,10,1977
-10.942,119.092,33,5,NA,5,1742.00885,44.6,12,0,8,10,1977
-10.079,117.195,33,5.4,NA,5.4,1742.082572,54.2,58,1,8,10,1977
-9.995,117.5,33,5,NA,5,1742.190346,5.9,34,4,8,10,1977
-10.321,117.599,33,5,NA,5,1742.288878,59.1,55,6,8,10,1977
-9.815,117.36,33,5.4,NA,5.4,1742.453155,32.6,52,10,8,10,1977
-9.945,117.344,33,5.4,NA,5.4,1742.755826,23.4,8,18,8,10,1977
-9.963,117.428,33,5.2,NA,5.2,1742.791527,47.9,59,18,8,10,1977
-10.019,117.303,33,5.2,NA,5.2,1742.812521,1.8,30,19,8,10,1977
-9.925,117.29,33,5.6,NA,5.6,1743.419003,21.9,3,10,9,10,1977
-10.162,117.376,33,5.3,NA,5.3,1743.511762,56.2,16,12,9,10,1977
-9.995,117.51,33,5.6,NA,5.6,1743.706296,4,57,16,9,10,1977
-9.992,117.465,33,5.1,NA,5.1,1745.086523,35.6,4,2,11,10,1977
-9.733,117.118,33,6.2,5.8,6.2,1750.881455,17.7,9,21,16,10,1977
-9.752,117.155,33,5.5,NA,5.5,1750.890376,8.5,22,21,16,10,1977
-9.987,117.596,33,5,NA,5,1750.967382,1.8,13,23,16,10,1977
-9.729,117.107,33,5,NA,5,1751.412215,35.4,53,9,17,10,1977
-10.232,118.183,33,5.3,NA,5.3,1752.299954,56,11,7,18,10,1977
-9.776,117.098,33,5.8,5.3,5.8,1754.482911,23.5,35,11,20,10,1977
-10.402,117.667,33,5.7,NA,5.7,1755.492063,34.2,48,11,21,10,1977
-9.693,117.221,33,5.6,NA,5.6,1759.285238,44.6,50,6,25,10,1977
-10.216,118.875,33,5,NA,5,1759.95142,2.7,50,22,25,10,1977
-10.213,118.729,33,5.7,NA,5.7,1764.077073,59.1,50,1,30,10,1977
-10.447,117.526,39,5,NA,5,1765.789286,34.3,56,18,31,10,1977
-10.238,118.033,33,5,NA,5,1765.989853,23.3,45,23,31,10,1977
-7.838,117.685,33,5.6,NA,5.6,1815.480264,34.8,31,11,20,12,1977
-8.343,117.622,33,5.1,NA,5.1,1817.759106,6.8,13,18,22,12,1977
-10.684,118.914,33,5.2,NA,5.2,1833.38653,36.2,16,9,7,1,1978
-9.662,117.114,33,5.6,NA,5.6,1882.257359,35.8,10,6,25,2,1978
-10.131,117.096,39,5,NA,5,1882.329789,53.8,54,7,25,2,1978
-9.767,117.229,33,5.1,NA,5.1,1882.591714,4.1,12,14,25,2,1978
-10.925,119.05,33,5.3,NA,5.3,1895.72605,30.7,25,17,10,3,1978
-10.858,119.111,33,5.5,NA,5.5,1896.496321,42.1,54,11,11,3,1978
-10.242,117.023,35,5.5,NA,5.5,1950.75814,43.3,11,18,4,5,1978
-8.137,117.727,33,5.4,NA,5.4,2033.873881,23.3,58,20,26,7,1978
-9.126,119.129,59,5.1,NA,5.1,2098.295126,58.9,4,7,29,9,1978
-10.143,118.854,43,5.4,NA,5.4,2104.664203,27.1,56,15,5,10,1978
-10.207,118.99,36,5.3,NA,5.3,2105.075799,9,49,1,6,10,1978
-9.524,119.293,42,5.1,NA,5.1,2170.177788,0.9,16,4,10,12,1978
-6.826,116.126,33,5.5,NA,5.5,2240.1129,34.6,42,2,18,2,1979
-10.946,119.371,33,5.1,NA,5.1,2263.929625,39.6,18,22,13,3,1979
-8.207,115.949,25,6.1,NA,6.1,2341.402001,52.9,38,9,30,5,1979
-8.449,115.901,33,5.1,NA,5.1,2363.406424,15,45,9,21,6,1979
-10.538,116.776,38,5,NA,5,2368.899317,1,35,21,26,6,1979
-10.219,117.784,33,5,NA,5,2405.924339,2.9,11,22,2,8,1979
-8.254,115.847,38,6.4,6.2,6.4,2484.070259,10.4,41,1,20,10,1979
-8.39,115.889,33,6.5,6.3,6.5,2542.83222,23.8,58,19,17,12,1979
-8.442,116.096,33,5.2,NA,5.2,2577.687047,20.9,29,16,21,1,1980
-8.239,116.347,33,5.1,NA,5.1,2620.595501,31.3,17,14,4,3,1980
-8.158,116.357,33,5.7,5.1,5.7,2620.603208,37.2,28,14,4,3,1980
-9.769,119.03,36,5.3,NA,5.3,2624.322616,34,44,7,8,3,1980
-10.965,119.103,33,5.6,NA,5.6,2728.78578,31.4,51,18,20,6,1980
-9.777,119.128,33,5,NA,5,2775.12456,22,59,2,6,8,1980
-10.251,119.811,33,5.4,NA,5.4,2777.306866,53.2,21,7,8,8,1980
-10.634,116.662,40,5.2,NA,5.2,2797.133109,40.6,11,3,28,8,1980
-8.263,118.159,33,5.1,NA,5.1,2830.339683,8.6,9,8,30,9,1980
-8.17,118.382,33,5,NA,5,2830.708053,35.8,59,16,30,9,1980
-7.688,118.764,33,5.1,NA,5.1,2872.769368,53.4,27,18,11,11,1980
-9.664,118.961,25.2,5.5,NA,5.5,3013.909077,4.22,49,21,1,4,1981
-9.413,119.516,33,5.2,NA,5.2,3072.939906,27.89,33,22,30,5,1981
-10.274,116.845,33,5.1,NA,5.1,3212.654914,4.61,43,15,17,10,1981
-9.265,118.479,33,6.5,6.4,6.5,3357.439203,27.1,32,10,11,3,1982
-9.478,118.369,33,5.2,NA,5.2,3369.494917,40.79,52,11,23,3,1982
-9.827,117.921,33,5.1,NA,5.1,3566.220068,53.91,16,5,6,10,1982
-10.733,115.036,33,5.8,5.3,5.8,3716.372963,4.02,57,8,5,3,1983
-7.45,119.814,33,5.1,NA,5.1,3856.143009,55.98,25,3,23,7,1983
-8.141,119.504,48.1,6.5,6.4,6.5,3857.984836,9.84,38,23,24,7,1983
-10.07,118.755,33,5.2,NA,5.2,3875.090842,48.75,10,2,11,8,1983
-10.394,116.967,33,5.2,NA,5.2,3925.96623,22.31,11,23,30,9,1983
-9.47,115.222,33,5,NA,5,3987.070623,41.79,41,1,1,12,1983
-8.964,119.728,35.5,5.8,NA,5.8,4004.728129,30.32,28,17,18,12,1983
-9.903,115.056,33,5.8,5.3,5.8,4079.479556,33.64,30,11,2,2,1984
-9.787,114.215,33,5,NA,5,4177.617268,51.92,48,14,8,6,1984
-9.92,119.142,33,5.4,NA,5.4,4204.151078,33.11,37,3,5,7,1984
-9.381,117.659,33,5.1,NA,5.1,4217.154414,21.36,42,3,18,7,1984
-7.85,114.759,38.4,5.1,NA,5.1,4233.945329,16.4,41,22,3,8,1984
-9.809,118.787,34.2,6.5,6.3,6.5,4295.688813,53.44,31,16,4,10,1984
-9.419,116.663,33,5,NA,5,4361.856119,48.64,32,20,9,12,1984
-10.326,117.526,33,5.1,NA,5.1,4386.548644,2.82,10,13,3,1,1985
-10.317,117.681,33,5,NA,5,4386.626315,53.62,1,15,3,1,1985
-10.563,114.969,33,5.3,NA,5.3,4416.187849,30.12,30,4,2,2,1985
-8.536,115.752,33,5.2,NA,5.2,4430.363843,56.07,43,8,16,2,1985
-6.87,117.065,33,5.1,NA,5.1,4514.060739,27.83,27,1,11,5,1985
-8.134,117.946,33,5.3,NA,5.3,4517.451684,25.48,50,10,14,5,1985
-10.789,117.283,33,5,NA,5,4583.42949,27.91,18,10,19,7,1985
-9.783,114.102,33,5.2,NA,5.2,4635.786841,3.04,53,18,9,9,1985
-10.809,119.298,39.3,5.8,5.3,5.8,4641.957438,42.63,58,22,15,9,1985
-10.529,116.526,33,5.1,NA,5.1,4869.467554,16.7,13,11,1,5,1986
-10.619,119.18,48.5,5,NA,5,4915.539002,9.76,56,12,16,6,1986
-9.917,119.201,24.9,6.6,6.5,6.6,5101.154112,55.31,41,3,19,12,1986
-8.353,116.675,10,5,NA,5,5205.474497,16.57,23,11,2,4,1987
-7.737,115.997,42.4,5.3,NA,5.3,5243.02581,10.02,37,0,10,5,1987
-10.217,117.955,27.2,5.1,NA,5.1,5292.17292,0.33,9,4,28,6,1987
-9.169,114.61,46,6.3,6,6.3,5464.849287,58.36,22,20,17,12,1987
-8.186,118.933,23.8,5.8,5.2,5.8,5559.553907,37.58,17,13,21,3,1988
-8.226,118.972,33,5.3,NA,5.3,5559.635893,41.15,15,15,21,3,1988
-9.462,119.248,33,5,NA,5,5705.748348,37.31,57,17,14,8,1988
-9.467,117.355,66.9,5.9,5.4,5.9,5706.600979,24.62,25,14,15,8,1988
-8.228,116.02,33,5.1,NA,5.1,5806.223914,26.15,22,5,23,11,1988
-10.145,119.039,33,5,NA,5,5944.872047,44.86,55,20,10,4,1989
-10.379,119.53,33,5.1,NA,5.1,6011.092285,53.41,12,2,16,6,1989
-7.974,118.969,33,5,NA,5,6133.759563,46.21,13,18,16,10,1989
-10.171,117.826,36.3,5.8,5.3,5.8,6222.835902,41.92,3,20,13,1,1990
-10.991,119.474,33,5,NA,5,6274.642409,4.18,25,15,6,3,1990
-9.503,119.746,33.8,5,NA,5,6366.991465,42.54,47,23,6,6,1990
-9.481,117.414,33,5,NA,5,6626.443639,50.44,38,10,21,2,1991
-9.499,115.639,33,5.4,NA,5.4,6644.072879,56.78,44,1,11,3,1991
-9.35,119.742,33,5,NA,5,6690.668522,40.29,2,16,26,4,1991
-9.958,119.89,33,5.3,NA,5.3,6705.832639,0.02,59,19,11,5,1991
-9.941,119.78,20.8,6,5.5,6,6711.276239,47.01,37,6,17,5,1991
-9.585,114.673,53.7,6.3,6.1,6.3,6760.188108,52.55,30,4,5,7,1991
-10.553,117.161,50.2,5.9,5.4,5.9,6854.8308,21.14,56,19,7,10,1991
-9.633,119.806,45.8,5.2,NA,5.2,6863.129339,14.9,6,3,16,10,1991
-10.128,118.989,31.7,5.4,NA,5.4,7027.63368,29.96,12,15,29,3,1992
-8.345,114.734,17.2,5.2,NA,5.2,7028.571032,17.14,42,13,30,3,1992
-9.777,117.027,38,5.1,NA,5.1,7076.571558,2.58,43,13,17,5,1992
-10.022,117.093,26.9,6,5.6,6,7230.040346,5.88,58,0,18,10,1992
-8.391,119.894,40.8,5,NA,5,7278.101956,49,26,2,5,12,1992
-7.866,116.463,35.8,5,NA,5,7289.213871,58.48,7,5,16,12,1992
-8.083,117.901,32,5,NA,5,7488.009822,8.61,14,0,2,7,1993
-8.192,117.881,24,5.2,NA,5.2,7565.88913,20.82,20,21,17,9,1993
-10.926,116.151,33,5.1,NA,5.1,7679.122889,57.59,56,2,9,1,1994
-10.12,118.899,25.7,5.2,NA,5.2,7716.987304,43.07,41,23,15,2,1994
-8.148,119.957,33,5,NA,5,7721.237455,56.11,41,5,20,2,1994
-8.522,118.244,33,5.1,NA,5.1,7755.632494,47.47,10,15,26,3,1994
-9.421,114.333,33,5.4,NA,5.4,7824.569031,24.3,39,13,3,6,1994
-10.273,114.154,33,5.1,NA,5.1,7826.841137,14.23,11,20,5,6,1994
-10.422,117.005,48.6,5.1,NA,5.1,7884.317972,52.82,37,7,2,8,1994
-10.271,119.978,25.8,5.8,5.2,5.8,7889.244764,27.61,52,5,7,8,1994
-8.297,116.763,33,5,NA,5,7950.976832,38.27,26,23,7,10,1994
-9.975,119.199,25.9,6,5.6,6,8016.620061,53.31,52,14,12,12,1994
-9.897,118.915,33,6.1,5.7,6.1,8160.542841,41.47,1,13,5,5,1995
-10.478,119.031,33,5.8,5.3,5.8,8319.824374,5.88,47,19,11,10,1995
-8.655,114.675,33,5.1,NA,5.1,8602.989293,34.89,44,23,20,7,1996
-9.785,118.002,53.8,5.9,5.4,5.9,8619.418543,42.11,2,10,6,10,1996
-9.641,119.51,33,6.2,5.9,6.2,8807.80934,26.94,25,19,10,2,1997
-7.842,117.635,33,5.7,5.1,5.7,8828.754616,38.79,6,18,3,3,1997
-9.909,119.119,26.6,5.1,NA,5.1,9161.126964,49.68,2,3,30,3,1998
-8.115,117.826,33,5.9,5.4,5.9,9516.720237,8.47,17,17,20,2,1999
-8.293,116.071,33,5.9,5.4,5.9,9867.18887,58.35,31,4,6,1,2000
-8.156,118.963,33,5,NA,5,9953.677451,31.8,15,16,1,4,2000
-9.974,119.378,33,6.2,5.9,6.2,10142.49839,40.94,57,11,7,10,2000
-9.708,119.075,33,6.3,6,6.3,10165.50105,30.76,1,12,30,10,2000
-8.138,117.94,33,5.2,NA,5.2,10224.67045,26.88,5,16,28,12,2000
-9.285,118.616,28.8,6.2,5.9,6.2,10797.12854,5.54,5,3,24,7,2002
-8.197,118.341,10,6.5,6.3,6.5,10871.65733,33.01,46,15,6,10,2002
-8.169,118.254,10,5,NA,5,10871.68296,28.15,23,16,6,10,2002
-8.172,118.336,10,5.1,NA,5.1,10871.68542,0.65,27,16,6,10,2002
-8.189,118.4,33,5.8,5.2,5.8,10883.34064,30.9,10,8,18,10,2002
-8.651,119.274,33,5.8,5.3,5.8,10907.31298,41.22,30,7,11,11,2002
-9.542,117.28,59.5,5.7,5.1,5.7,10917.70599,37.61,56,16,21,11,2002
-8.747,117.788,41.3,6,5.5,6,10960.06543,13.37,34,1,3,1,2003
-8.807,118.524,33,6,5.5,6,10980.00582,22.85,8,0,23,1,2003
-7.27,114.521,48.4,5.8,5.2,5.8,11012.44425,43.35,39,10,24,2,2003
-10.211,117.185,33.6,6,5.6,6,11036.68971,10.85,33,16,20,3,2003
-10.321,117.05,33,5.6,5,5.6,11067.71891,13.47,15,17,20,3,2003
-9.826,119.015,33,5,NA,5,11182.69318,10.71,38,16,13,8,2003
-9.595,118.474,10,5,NA,5,11222.30517,26.74,19,7,22,9,2003
-8.31,115.788,44.5,6.2,5.8,6.2,11323.87467,31.91,59,20,1,1,2004
-9.456,118.004,38.8,5.6,5,5.6,11585.48074,15.51,32,11,19,9,2004
-9.501,114.3,61.9,5.7,5.1,5.7,11610.17297,4.42,9,4,14,10,2004
-10.537,115.205,26.5,5,NA,5,11803.33895,5.05,8,8,25,4,2005
-8.356,117.56,26.6,5.7,5.1,5.7,11824.14435,51.64,27,3,16,5,2005
-8.315,117.512,41.7,5.8,5.3,5.8,11855.96669,2.38,12,23,16,5,2005
-9.3,119.103,30,5.6,5,5.6,11936.08362,24.39,0,2,5,9,2005
-9.36,117.361,25,5.8,5.3,5.8,11981.96942,57.49,15,23,20,10,2005
-9.109,119.774,10,5.1,NA,5.1,12023.13597,47.91,15,3,1,12,2005
-8.261,118.753,19,6.5,6.3,6.5,12419.58454,44.26,1,14,1,12,2006
-9.005,118.818,25,5.7,5.1,5.7,12457.68778,24.29,30,16,8,2,2007
-8.128,117.863,10,6,5.6,6,12490.37898,43.86,5,9,13,3,2007
-9.553,118.797,37.9,6,5.6,6,12562.04613,25.53,6,1,24,5,2007
-9.366,117.779,57.9,5.6,5,5.6,12564.25513,23.66,7,6,26,5,2007
-10.378,117.006,35,6.1,5.7,6.1,12681.39535,18.1,29,9,20,9,2007
-8.285,116.811,10,6.1,5.7,6.1,12695.60319,35.69,28,14,4,10,2007
-8.292,118.37,20,6.6,6.5,6.6,12747.66824,15.75,2,16,25,11,2007
-8.224,118.467,18,6.6,6.5,6.6,12747.82854,5.47,53,19,25,11,2007
-8.246,118.607,32.8,5.9,5.4,5.9,12748.10553,57.68,31,2,26,11,2007
-8.214,118.694,35,5.8,5.3,5.8,12748.34368,54.38,14,8,26,11,2007
-8.131,117.665,30.7,6.2,5.9,6.2,13002.94518,3.74,41,22,6,8,2008
-8.166,117.809,32.6,5,NA,5,13003.15721,22.71,46,3,7,8,2008
-10.248,118.459,49.3,5.2,NA,5.2,13148.75654,24.77,9,18,30,12,2008
-7.748,118.687,38.4,5,NA,5,13163.46479,18.07,9,11,14,1,2009
-10.685,115.025,30.9,5.1,NA,5.1,13169.52401,34.05,34,12,20,1,2009
-7.686,117.2,17,6,5.5,6,13314.15,0.07,36,3,14,6,2009
-9.139,119.32,65,6.2,5.9,6.2,13343.45301,19.95,52,10,13,7,2009
-8.847,117.792,30.6,5.8,5.2,5.8,13350.15112,36.34,37,3,20,7,2009
-9.962,118.752,18.3,5.7,5.1,5.7,13361.00379,27.15,5,0,31,7,2009
-9.896,118.793,35,6,5.6,6,13446.87142,50.84,54,20,24,10,2009
-10.04,118.685,17.4,5,NA,5,13446.8781,27.73,4,21,24,10,2009
-8.207,118.631,18,6.7,6.6,6.7,13461.82064,43.36,41,19,8,11,2009
-7.954,118.981,35,5.6,5,5.6,13464.91756,16.88,1,22,11,11,2009
-10.435,118.848,35,5.7,5.1,5.7,13481.00321,36.98,4,0,28,11,2009
-10.403,118.885,15,6.3,6,6.3,13481.25303,22.2,4,6,28,11,2009
-7.89,118.944,10,5,NA,5,13489.2808,20.88,44,6,6,12,2009
-8.971,117.432,44.9,5.6,5,5.6,13604.258,30.94,11,6,31,3,2010
-8.966,117.465,44.7,5.7,5.1,5.7,13635.69089,52.48,34,16,1,5,2010
-8.085,118.259,12,6.2,5.9,6.2,13642.14039,9.65,22,3,8,5,2010
-7.528,119.718,49.2,5,NA,5,13651.41066,20.6,51,9,17,5,2010
-8.275,118.584,40.4,5.7,5.1,5.7,13711.24019,52.54,45,5,16,7,2010
-8.234,118.591,47.6,5.6,5,5.6,13711.24892,26.42,58,5,16,7,2010
-9.587,117.82,46.2,5.8,5.2,5.8,14143.82813,30.71,52,19,21,9,2011
-9.35,114.587,39,6.3,6.1,6.3,14165.13646,30.16,16,3,13,10,2011
-10.369,116.013,7,5.1,NA,5.1,14271.71974,25.93,16,17,27,1,2012
-8.304,119.938,61.2,5.2,NA,5.2,14423.5396,1.34,57,12,27,6,2012
-7.947,117.614,35,5.3,NA,5.3,14558.63045,51.05,7,15,9,11,2012
-8.305,116.058,46.5,5.1,NA,5.1,14783.23796,39.82,42,5,22,6,2013
-8.315,117.165,33.5,5,NA,5,14809.65499,10.94,43,15,18,7,2013
-10.5342,114.3361,10,5.1,NA,5.1,14844.7907,36.72,58,18,22,8,2013
-9.8648,115.9595,39.88,5.2,NA,5.2,14876.63397,55,12,15,23,9,2013
-8.9987,119.6285,37.56,5.1,NA,5.1,14914.02361,0.17,34,0,31,10,2013
-9.8174,117.9568,33.74,5,NA,5,15029.88976,15.39,21,21,23,2,2014
-9.653,114.2783,51.41,5,NA,5,15054.89792,0.06,33,21,20,3,2014
-8.1731,118.3035,10.26,5.1,NA,5.1,15552.93481,7.26,26,22,31,7,2015
-9.7758,115.9399,35.19,5.3,NA,5.3,15558.21238,49.93,5,5,6,8,2015
-10.8411,116.3414,34.44,5.1,NA,5.1,15581.83503,26.65,2,20,29,8,2015
-10.3314,119.4196,19.68,5.2,NA,5.2,15731.91662,56.26,59,21,26,1,2016
-9.6338,119.4013,28,6.5,6.3,6.5,15748.41833,24.05,2,10,12,2,2016
-10.3268,119.2173,49.24,5,NA,5,15889.39509,55.49,28,9,2,7,2016
-8.1935,117.8136,21,6,5.6,6,15918.98613,1.88,40,23,31,7,2016
-9.6475,119.9051,48.88,5.9,5.4,5.9,15930.76403,12.23,20,18,12,8,2016
-8.2566,119.3116,17.38,5.2,NA,5.2,16265.60454,32.67,30,14,13,7,2017
-10.1961,118.8822,10.84,5.3,NA,5.3,16334.68416,11.31,25,16,20,9,2017
-7.8355,118.8054,14.82,5.7,5.1,5.7,16467.0837,31.57,0,2,31,1,2018
-9.1493,118.4063,10,5.7,5.1,5.7,16584.80929,22.44,25,19,28,5,2018
-9.8852,118.9639,47.78,5.2,NA,5.2,16621.21861,47.48,14,5,4,7,2018
-8.2395,116.508,14,6.5,6.4,6.5,16645.94975,38.74,47,22,28,7,2018
-8.2204,116.4624,10,5.9,5.4,5.9,16645.96307,48.82,6,23,28,7,2018
-8.3133,116.4514,10.9,5.8,5.3,5.8,16646.07676,32.22,50,1,29,7,2018
-8.2581,116.4375,34,6.8,6.9,6.8,16653.49072,38.63,46,11,5,8,2018
-8.3608,116.0241,17.72,5.1,NA,5.1,16653.50236,24.19,3,12,5,8,2018
-8.358,116.1402,31.26,5.5,NA,5.5,16653.53467,55.25,49,12,5,8,2018
-8.2702,116.2412,10,5,NA,5,16653.70118,41.6,49,16,5,8,2018
-8.3667,116.3062,10,5.8,5.3,5.8,16654.01965,18.02,28,0,6,8,2018
-8.3988,116.0135,26.01,5.7,5.1,5.7,16654.66037,55.57,50,15,6,8,2018
-8.2479,116.364,22.5,5.8,5.3,5.8,16654.76481,19.2,21,18,6,8,2018
-8.3065,116.2304,15,6.2,5.9,6.2,16657.22607,32.38,25,5,9,8,2018
-8.4051,116.5772,10,5.4,NA,5.4,16667.17098,13.08,6,4,19,8,2018
-8.3366,116.5993,16,6.5,6.3,6.5,16667.17387,22.64,10,4,19,8,2018
-8.319,116.6272,21,6.8,6.9,6.8,16667.62254,27.49,56,14,19,8,2018
-8.2842,116.5942,10,5.6,NA,5.6,16667.62781,2.94,4,15,19,8,2018
-8.3511,116.5565,10,5.8,NA,5.8,16667.63652,35.24,16,15,19,8,2018
-8.391,116.5568,10,5.5,NA,5.5,16667.64513,58.88,28,15,19,8,2018
-8.415,116.8263,10,5,NA,5,16667.68134,7.46,21,16,19,8,2018
-8.377,116.8473,10,5.3,NA,5.3,16667.6928,37.71,37,16,19,8,2018
-8.3828,116.8883,10,5.2,NA,5.2,16667.76625,23.92,23,18,19,8,2018
-8.3232,116.6443,10,5.1,NA,5.1,16667.90984,10.12,50,21,19,8,2018
-8.3006,116.6994,6.18,5.2,NA,5.2,16668.06286,31.47,30,1,20,8,2018
-8.543,116.952,10,5.2,NA,5.2,16669.04821,25.16,9,1,21,8,2018
-8.422,116.9263,11.58,6,5.5,6,16673.7731,15.64,33,18,25,8,2018
-8.1302,116.4089,16.06,5.8,5.3,5.8,16681.01095,46.25,15,0,2,9,2018
-8.3429,116.9679,10,5,NA,5,16685.27997,9.07,43,6,6,9,2018
-8.3774,116.6363,26.4,5,NA,5,16686.7185,38.08,14,17,7,9,2018
-8.1224,116.5828,10,5,NA,5,16689.1599,15.56,50,3,10,9,2018
-8.1902,116.5118,10,5.6,5,5.6,16689.84889,24.28,22,20,10,9,2018
-8.361,116.8232,10,5.7,5.1,5.7,16716.74816,21.28,57,17,7,10,2018
-7.4525,114.4553,9,6.3,6,6.3,16719.7812,55.28,44,18,10,10,2018
-9.0392,115.4621,68.09,5,NA,5,16754.72467,31.72,23,17,14,11,2018
-8.3948,116.0135,12,6,5.5,6,16776.04359,46.33,2,1,6,12,2018
